[{"publishingOffice":"名古屋地方気象台","reportDatetime":"2025-01-26T17:00:00+09:00","timeSeries":[{"timeDefines":["2025-01-26T17:00:00+09:00","2025-01-27T00:00:00+09:00","2025-01-28T00:00:00+09:00"],"areas":[{"area":{"name":"西部","code":"230010"},"weatherCodes":["100","212","102"],"weathers":["晴れ","くもり　夜遅く　雨","晴れ　一時　雨"],"winds":["北の風　海上　では　北西の風　やや強く","北の風　日中　南の風","西の風　後　やや強く"],"waves":["０．５メートル","０．５メートル","０．５メートル"]},{"area":{"name":"東部","code":"230020"},"weatherCodes":["100","218","106"],"weathers":["晴れ","くもり　夜遅く　雨か雪","晴れ　一時　雨か雪"],"winds":["北の風　海上　では　北の風　やや強く","北の風　日中　東の風","西の風　後　やや強く"],"waves":["１．５メートル　ただし　内海　では　０．５メートル","１．５メートル　ただし　内海　では　０．５メートル","１．５メートル　後　２メートル　ただし　内海　では　０．５メートル"]}]},{"timeDefines":["2025-01-26T18:00:00+09:00","2025-01-27T00:00:00+09:00","2025-01-27T06:00:00+09:00","2025-01-27T12:00:00+09:00","2025-01-27T18:00:00+09:00"],"areas":[{"area":{"name":"西部","code":"230010"},"pops":["0","0","10","20","50"]},{"area":{"name":"東部","code":"230020"},"pops":["0","0","20","30","60"]}]},{"timeDefines":["2025-01-27T00:00:00+09:00","2025-01-27T09:00:00+09:00"],"areas":[{"area":{"name":"名古屋","code":"51106"},"temps":["2","11"]},{"area":{"name":"豊橋","code":"51331"},"temps":["1","11"]}]}]},{"publishingOffice":"名古屋地方気象台","reportDatetime":"2025-01-26T17:00:00+09:00","timeSeries":[{"timeDefines":["2025-01-27T00:00:00+09:00","2025-01-28T00:00:00+09:00","2025-01-29T00:00:00+09:00","2025-01-30T00:00:00+09:00","2025-01-31T00:00:00+09:00","2025-02-01T00:00:00+09:00","2025-02-02T00:00:00+09:00"],"areas":[{"area":{"name":"愛知県","code":"230000"},"weatherCodes":["212","102","101","101","101","202","202"],"pops":["","50","20","20","20","50","50"],"reliabilities":["","","A","A","A","C","C"]}]},{"timeDefines":["2025-01-27T00:00:00+09:00","2025-01-28T00:00:00+09:00","2025-01-29T00:00:00+09:00","2025-01-30T00:00:00+09:00","2025-01-31T00:00:00+09:00","2025-02-01T00:00:00+09:00","2025-02-02T00:00:00+09:00"],"areas":[{"area":{"name":"名古屋","code":"51106"},"tempsMin":["","4","2","1","1","3","4"],"tempsMinUpper":["","5","4","3","3","4","6"],"tempsMinLower":["","3","1","0","0","0","0"],"tempsMax":["","11","9","10","11","11","11"],"tempsMaxUpper":["","12","11","12","13","14","16"],"tempsMaxLower":["","8","8","7","9","10","9"]}]}],"tempAverage":{"areas":[{"area":{"name":"名古屋","code":"51106"},"min":"0.7","max":"9.1"}]},"precipAverage":{"areas":[{"area":{"name":"名古屋","code":"51106"},"min":"2.0","max":"12.5"}]}}]